experiment_group,period,orders,gmv,avg_order_value
control,post,2517,1113070.0,441.69444444444446
control,pre,7196,3219305.361,446.8774793170461
treatment,post,2377,1309574.5,550.9358435002104
treatment,pre,6442,3269458.043,506.02972341742765
